{
  "train_loss": [
    0.6028983841274378,
    0.24762946159568866,
    0.1962590171337457,
    0.17124250941937144,
    0.15394870278860456,
    0.14066603022096155,
    0.1319963910135233,
    0.12527859908855363,
    0.11919854041980796,
    0.11523572130000634
  ],
  "train_accuracy": [
    0.815234105564239,
    0.9289615065779898,
    0.9445474507520867,
    0.9518183601536446,
    0.9568491460320072,
    0.9601144108285293,
    0.9628354648256311,
    0.9647908268840135,
    0.965986825036228,
    0.9677270339878629
  ],
  "val_loss": [
    0.22125175657721655,
    0.14718179535888892,
    0.13529989508718218,
    0.1238181969326586,
    0.10854879392034633,
    0.10112499965547427,
    0.10168778387344742,
    0.0922710883749331,
    0.0928781561969955,
    0.08289849367978128
  ],
  "val_accuracy": [
    0.9323345996702745,
    0.9580675220414308,
    0.9628700451580532,
    0.9660597806608845,
    0.9701455092824887,
    0.9705755859794997,
    0.9702171887319906,
    0.9727618091893054,
    0.9744821159773492,
    0.9763457816643968
  ]
}